headline,published_at,source_url,sentiment,confidence_score
Tech Stocks Tumble on Worries Over A.I. Spending and China’s Chips - The New York Times,2026-07-28 23:44:26,https://news.google.com/rss/articles/CBMickFVX3lxTE45VWk0QW5DWTBhXzVzQTQ4MXNtMDR5NVRKZnFsLWhWLVRhbVB6N2ZDNUZxcndKVWd6WW5vaWNjTzBoUUlzUzlWZWE1SkVWV0R1RXRoMklLWjUxOUw3dm5ncW9PZmlKOFc5a2U3V3Y2UXh3UQ?oc=5,neutral,0.7092
"Investors Have Been Giving Tech Stocks a Hard Time Lately, Despite Strong Earnings - Investopedia",2026-07-27 21:16:17,https://news.google.com/rss/articles/CBMiygFBVV95cUxQTUZvSFdualB4a1lwdnFjVXF4bGZkcXFaT2ZpVzZBTzYtbFdmQWdEUWVxTzM4RGZFTURQcEU3YWJHVDVrMUxEMkJrUVhJbkZsU2xONHFhZTF4Njc0ME4yazdRSklJTkJzYzdCbVJPOUF3Wm5veW1GcHFxTWFFVkp6Q0lqSnZPbHZlN2VoVUNkQ0pIVVBRWURlT2E4RTY1QklJblVqVW42XzF3V1BVVEFYYmFyUWlDc3p3bVJKVHkwVEd1WEJlVkx0bkNn?oc=5,neutral,0.4944
A Tired Tech Trade Looks Set to Sink the Stock Market - Barron's,2026-07-29 05:00:00,https://news.google.com/rss/articles/CBMibEFVX3lxTE9UdFBXRkhZa21SM0N2Xy0tdk5RN3FrX1c4czhfaXJORnJtTEhEOTlISF9naUlocFVkTXF6Mlg1RW82dHJpNlE5T0NIOHlzekhtakluUTZVandGSDM0UlVfbTB3QWVnd2FmWlhNMA?oc=5,negative,0.6831
South Korean stock market at three-month low as AI sell-off intensifies - The Guardian,2026-07-28 09:03:00,https://news.google.com/rss/articles/CBMikwFBVV95cUxNcmVZT1owblRILUJnajMzUHdYa3Y3SmJwc0NrcFpJZXNTWkFSQlpjR191U1dkcHVha0lTUEpFa0stREtycWg5bmFMVTZERGN4R1ZSYkxKdzVWODBVcXFHX25TS3FpaVpZNlplaW9YTVh2Zm5jLVVrNy10RUNHcDJad05LU1FwNnV6WVNweTJVUi1WWEU?oc=5,neutral,0.5653
U.S. and Korean tech stocks are now tightly linked — and that could be a worry for investors - CNBC,2026-07-28 01:22:00,https://news.google.com/rss/articles/CBMilgFBVV95cUxQMFlab2FNYXZBWmtLWDN5N0F0THRfRUdicVBwS2p1YnB5SEM2OHNWVXRDTzlRUUo2TWlZNnNJbDFvYXBwcTFXTzYyZVNOcXFkc1NmT1N5ZjRmT0NaSkNERGVfb0N4eEdnQ1R1RUsyY1JhVHdHbEREM0xKeVh6aXJyYm8zRG12WG4yLS14a25JUlNZZk1uWHfSAZsBQVVfeXFMUG8tUkxVdmtPVkkxZEt5U0lrZTkxM01hOTVJUEpURnd3MnU2RTBBUnQ3bzRKVnEyUUZIRHNIdWRWcGZGUDJZWUdud3RwV2xWcUF4R1RXMk5objg3NlMyeTlrc0NlNXhUU3VPXy1qRGNOMjYyd3B5MW5SeTQtUjFlRDBBc3JxUWVJQTNER0NiNTg3c3JDSlFJWGVJc2s?oc=5,neutral,0.6949
Why are tech stocks tanking? - Yahoo Finance,2026-07-28 06:37:00,https://news.google.com/rss/articles/CBMikgFBVV95cUxQbDVKSkJBSndhZXpWVmN2Z3lfMWw1S241VnJ2YWdCOGFkTmpSX1lSdi1vX0NFLTFYOHAyemdnbGRXUjN0aU5uMWlyeXZEbkppeHBaQm9pTzZFUUhsc1I4bExmRFVMQlM4V1ZvdUYwTlpXMHlHR0VtcDI1SFdBX0s2RnRkQ1VLcjBGSWx5cDUxUERMQQ?oc=5,negative,0.7275
Chip stocks tumble as AI sell-off deepens - Financial Times,2026-07-28 20:15:12,https://news.google.com/rss/articles/CBMihAFBVV95cUxQOU5EQzYzM1h5cUFtRE1hbWhzLW5KMm9ZVjZ4SFY0SE5Xc3IweTFEbS1XRTBjbThoVUJodHphUUprdWlEV2dyZ0tsazM0S01adW5EM255NXNhdmV1Vi1fR0dkVXNaRjNvT08ydm1GRlE2TC1XMVBrR3MxRkVwSEVRTnR1Nkc?oc=5,negative,0.6723
U.S. Stocks Move | Leading Tech Stocks Extend Declines; Intel (INTC.US) Drops Over 6% - Moomoo,2026-07-28 13:49:22,https://news.google.com/rss/articles/CBMiqAFBVV95cUxQY0hvTlRacmJBaGdaWXNVWVVvSTBVd0JTOVBuanlWUEY4TGgtZnFfRVhQdWlfSGdhRXR3RnJ5U1BrelZwNXloN0JJYkNSVXBULVZKb3JfekFrTDhKYVlkRWlobW14LS0tUGFoX0hFSTQ1SWxiOGY5TnhQdi00NGJCd2pmMXJzYm9VYUxhNEs2WEx3ZWVHMk9FUF9LdTE4RldKaThaaUhHYnU?oc=5,neutral,0.6092
CXMT: China’s chipmakers trigger bloodbath in global tech stocks - Fortune,2026-07-28 10:35:00,https://news.google.com/rss/articles/CBMimAFBVV95cUxPcDlNUXRXN1pqZ29iWEhYdjFCWnZTMWFxbGMxYVVnelJUSnE5a0xObUIxMEQtUnF4TE4yaHhhTzdWLTRNY1hxS3cwZWlGLTBXOFR6S1RXMGp2UHo4ZXRGNG9SMmR4QmhuRzZ4YTlxd2lua0t0TW9lVURyOWVMd2sxVU9tZjVTX2FzSlh5QTBIY1NmMzYzVEN2bQ?oc=5,negative,0.5456
AI Greed Turns Into Fear as Tech Stocks Keep Sinking - Bloomberg,2026-07-29 02:34:13,https://news.google.com/rss/articles/CBMiqgFBVV95cUxOeVpWSmQ2X21Sb3pvc1FTUjVJR0pKdGowckpFblIwWGtiR3ZkMjcwRHRLQkRYUDBuamYzRDdBVEw1RlFUaFkwbHNfUUEya0U5OFRfNFZlT0RvZVpEVXIteGpWX3pHM0V3QXZXTWUwN2pVRU5UZVNhQ2dLdlFjalpLZWRsYWZSOTNZUEpabmZ1SS1lQWljajhBSXhhVXI4NktYaGNxTlRFQloxdw?oc=5,negative,0.7372
Advanced Micro Devices vs. Arista Networks: Which Tech Stock Is a Better Buy in 2026? - The Motley Fool,2026-07-28 22:58:00,https://news.google.com/rss/articles/CBMi0AFBVV95cUxOalA0QXdEcE9xNWF0V2V1ZV9IODNMdUtSMmtlbHV3d1J4VC1OVnI0djRkcUlNYTd4V1VHeDBvem5vMWZDNVM2aUdOVXZ2MXZmeDZHbVYybEpDSnNpdkxnak9SXzBqNXUya2NMc1ZpdDFjeHYzTE9zbWRuckVnTDBvT2ZuOGFZeUItNlV5ZEl5QzhpQ1R4WGFDMVM1cUdTcmJjUjA0d1l4Sk92MTBMNy0xV1NWLVhKMTh4amxSVlZheUZIMV9PWVZ1Q0JTZVQxXzVv?oc=5,neutral,0.7185
Here’s What My System Says About 4 Big Tech Stocks Before Earnings… - InvestorPlace,2026-07-28 23:42:03,https://news.google.com/rss/articles/CBMirwFBVV95cUxPVHFGbDZMTDB0UjdhZXpLcVMwaXVNLTR0UDdSQTdYYTBwMGpRSUU2UkV4dXRoa2w2WTY3dUcwWXMwN2pETFJLVDQ2dFlSM2tTdlNKbjJrSmEzb3dhcnJROVNiUURaVVhPSll4RXROeklmektsMjV2QUUySG1rb3B2TEoyOTRYRldqaFB6bXgtOEpsM05uTFJpQmZyY0NvZml6eXBMck1hak5FT0lFMFFn?oc=5,neutral,0.9114
Nasdaq-100 slides into correction as global chip and memory stocks sell off - NBC News,2026-07-28 20:24:50,https://news.google.com/rss/articles/CBMijgFBVV95cUxOUE1GNGdWRXhkc1llb3BDcVVaWjJ2ZU10aXQ4ZldYc3NVZmVfMTBGWDBJajNZRGNqd0t0dGxiTmRQU3dMWmFsRFFMMWZNRUJJQ1g1cnV3QWVvSDJRZi1KRFVPY1VPVndlQU53SWpVN0NHNTZod1FQWTdkUW9SU25XY3VCYVRkM2xmYU5GWWd3?oc=5,neutral,0.5582
Tech stocks today: Big Tech earnings this week mark a pivotal moment for the AI trade - Yahoo Finance,2026-07-28 19:15:26,https://news.google.com/rss/articles/CBMilwFBVV95cUxQZGs4cnhKUC1TU1dmQzN2X01ZQ3V1bWN1TkdBMjJ6dmUydUF5T1JVTmFKM0ZZaTUycTRGTnE2b0w4OEljRFFENFVkclFsYXQyWUJ4d2tYbUdDcExMVHdhMGJkRHBYNDZLQnJTUlNtQ3NWN3FJRDU2dWxPSWVSNHRGVTI2a3hFOEZPa08wc3k3SGhsOG5WS01Z?oc=5,positive,0.9118
Big Tech Stocks Are Pricing In a Miracle on Costs - WSJ,2026-07-28 09:30:00,https://news.google.com/rss/articles/CBMijwFBVV95cUxNdzhnNXlEQllfc0w4RlE0dnAzdV9IQ3A3TkliZ3hQdXBEQkRxanJraWtPRzdnTl9kUFR4dzdoeDBnTXJlN0ZIVlBxUGg4LW91QTVVRUZUanlPSGNaakxjZVBmVEhnZGxudVFhbGlQVFdNaV9DZmxxbHpoYXJka1pQd29kMm1OODVIS0VnRmNZbw?oc=5,neutral,0.7776
"US stocks mixed ahead key tech earnings, Fed - Reuters",2026-07-28 20:51:51,https://news.google.com/rss/articles/CBMigwFBVV95cUxNWUF6MHN4NmxzbUxRX0JpZGFFTlliRjB0WW1DQ3NvVUpQVFJ3aFNoUFJ6cG0tNGx2anJ3OFFTWXk3VUdQQVowWHdoRnVzZTZsZV9KdTR1cWxDeFpXTTFidGxCR25jc2ZYUXp1Z2lYRzJwZDcweHNJalJfamhJT0lvTXRKWQ?oc=5,neutral,0.6403
Asian technology stocks extend sell-off with SoftBank down 10% as AI plays take a hit - CNBC,2026-07-29 02:44:00,https://news.google.com/rss/articles/CBMigAFBVV95cUxOWm5mYzh3X2p6d2t2clJubjIzc1VBR2txNEU4V2FvVEM5RmNHZGdHOFJOX1cxZlhEMG5zaEpJQ21WRmZncG0tZm1EQVF4ZnFDMTBhMHFKMXBxN0pUaVFaYmtUbTJ5b0ZxVzJXWHpOVkFqNXBxRTNxTU5tQ3VBS0ZsbNIBhgFBVV95cUxQT0hDOFV0dDBHN25YOE5KWGNWdGlvUEhuSF9XVjhpSV9sWDdxSXozSTJwSXNSTFZnZk0zNVc1bGJJTFVkX2Z5MmpYTXRqNjVRekNHN3B4ZlJIdFZmVk9heW0wY3ZiXzFIQUNfM2o5NVNWYmxWb3RXSHBZbHJ4LWNOSWd4SUQwZw?oc=5,negative,0.6298
"Tech Hasn’t Wrecked, But The Tires of Wall Street’s Biggest Trade are Skidding - Barron's",2026-07-28 11:23:00,https://news.google.com/rss/articles/CBMigwFBVV95cUxOMU1xVmZHcW4zM3FFQ2dRejJSbFhXUUpVSDZCYzZSeFducTkweGpEZ1NhcFVkYVAyV19sMWxiek1mZVgzd1k1YzUwZGZMU2l3XzlDQUY5U2U5dFBaMnBRTWVzaVdJdzN2R1dJVFE4SUN6VEZYZmctOTZqTS1KaVVHOVlaWQ?oc=5,neutral,0.5844
3 realities from the summer tech stock rout you are probably overlooking - Yahoo Finance,2026-07-27 14:27:23,https://news.google.com/rss/articles/CBMiyAFBVV95cUxQZDNiNkx5LVZwWWcxOUpYRG9YV0FhOE0yOWw1aWpleXMzbGlaY3N3MVlXazBJdmNZYXdFWl9tcmlKSzMxT091YUI0NW4tNmkxQlh3NGZBWVJrX1Z6MXdfYmlDYUF5M1l6aWhxLU9JTTVFN19wekZrdWp6SkttVWVvNEdRLVJBQnR4ZGNHNnBtQ2JkRmNQbVRoTTl3WVpPSkhxMXZrWkh0dldfaFRhd1gyODhHYWdjSXdZVHFuYXZqQVQ5ZG5ISDRoZg?oc=5,neutral,0.6608
S&P 500 ends higher as investors await tech earnings - Reuters,2026-07-28 23:15:43,https://news.google.com/rss/articles/CBMipgFBVV95cUxPNkhJQS14Y3d3QkMxeG5XZmR3cldUel9CSk9pdDZrSDFkc0gydEgxSXQ1d0xzTi1OR29xVWEwUjJtV1k4V1p3WlZJeUZCbnB2MzJOYjBHRExWTmVobWlibGFqajlUcWx5emx2M01vYmNwcHlDM2FvYjRwU3o2M0szNVpyM3JwakJyRkZReUMyVk5GUklTWWczOXdFSUcwNkh1clFNVWJn?oc=5,positive,0.5129
